{"episode_rewards": [708.3808580858009, 155.19568345324106, 928.6999999999902, 745.9538461538318, 854.5038327525971, 596.7696969696805, 410.50336391435934, 451.0820512820404, 182.49999999999483, 841.1919413919279, 282.8546099290694, 887.0204472843304, 880.4451612903118, 595.3017301037927, 917.9999999999858], "mean": 629.226881507397, "std": 263.8479124158587}