{"episode_rewards": [708.2623693379667, 96.16168224299562, 786.9431893687604, 780.6017543859474, 295.93960396038386, 682.7947368420912, 555.848553054654, 649.0166077738417, 838.3615384615232, 872.122222222204, 808.3745762711712, 439.69238754323925, 736.7794326241025, 712.6208480565244, 780.4970149253568], "mean": 649.6011011380508, "std": 210.37278590968586}