{"episode_rewards": [725.8259259259119, 683.5065573770376, 763.8705882352799, 206.6846607669649, 738.941095890396, 477.4577557755687, 639.67695167285, 644.7275862068842, 649.8999999999899, 625.2086419752972, 432.5797385620819, 493.6499999999928, 552.1988505747025, 640.8836065573668, 327.57295597483665], "mean": 573.5123276996771, "std": 153.26804309945072}