{"episode_rewards": [532.2024054982694, 464.2564356435575, 652.5501766784329, 568.8655172413651, 802.4270758122664, 470.0492537313318, 509.5774193548331, 415.9142348754322, 633.6662337662193, 768.0318681318552, 845.4252918287825, 419.65683890576565, 684.5715328467057, 477.0812080536838, 496.7253968253834], "mean": 582.7333926129255, "std": 135.956309297967}