{"number_episodes": 7, "episode_rewards": [789.3999999999596, 737.599999999949, 764.7999999999524, 810.3999999999695, 847.0999999999792, 830.1999999999726, 731.5999999999583], "mean_all_episodes": 787.299999999963, "std_all_episodes": 41.461341719047574}